,age,area,total_number,segment0_number,segment1_number,segment2_number,segment3_number,inter,region,type,isolation,prob0,prob1,prob2,prob3
0,15,40,979,381,259,286,53,600.0,ALL,ALL,ALL,0.3891726251276813,0.26455566905005107,0.29213483146067415,0.054136874361593465
1,20,40,1238,507,319,348,64,800.0,ALL,ALL,ALL,0.4095315024232633,0.25767366720516965,0.28109854604200324,0.051696284329563816
2,25,40,1545,648,377,437,83,1000.0,ALL,ALL,ALL,0.41941747572815535,0.24401294498381876,0.2828478964401295,0.05372168284789644
3,30,40,1883,842,420,514,107,1200.0,ALL,ALL,ALL,0.4471587891662241,0.22304832713754646,0.27296866702071165,0.05682421667551779
4,35,40,2206,1060,440,582,124,1400.0,ALL,ALL,ALL,0.48050770625566636,0.19945602901178605,0.2638259292837715,0.056210335448776065
5,40,40,2451,1230,455,621,145,1600.0,ALL,ALL,ALL,0.5018359853121175,0.18563851489188085,0.2533659730722154,0.05915952672378621
6,45,40,2557,1324,458,618,157,1800.0,ALL,ALL,ALL,0.5177942901838092,0.1791161517403207,0.24168947985921002,0.06140007821666015
7,50,40,2499,1324,419,602,154,2000.0,ALL,ALL,ALL,0.529811924769908,0.1676670668267307,0.24089635854341737,0.06162464985994398
8,55,40,2159,1177,342,508,132,2200.0,ALL,ALL,ALL,0.5451597962019453,0.15840666975451598,0.23529411764705882,0.06113941639647985
9,60,40,1788,1002,269,409,108,2400.0,ALL,ALL,ALL,0.5604026845637584,0.15044742729306487,0.22874720357941836,0.06040268456375839
10,65,40,1374,788,201,301,84,2600.0,ALL,ALL,ALL,0.5735080058224163,0.1462882096069869,0.2190684133915575,0.0611353711790393
11,70,40,963,549,136,218,60,2800.0,ALL,ALL,ALL,0.5700934579439252,0.14122533748701974,0.22637590861889928,0.06230529595015576
12,75,40,665,396,76,157,36,3000.0,ALL,ALL,ALL,0.5954887218045113,0.11428571428571428,0.23609022556390977,0.05413533834586466
13,80,40,404,255,36,89,24,3200.0,ALL,ALL,ALL,0.6311881188118812,0.0891089108910891,0.2202970297029703,0.0594059405940594
14,85,40,409,261,37,85,26,3400.0,ALL,ALL,ALL,0.6381418092909535,0.09046454767726161,0.2078239608801956,0.06356968215158924
15,90,40,405,247,47,87,24,3600.0,ALL,ALL,ALL,0.6098765432098765,0.11604938271604938,0.21481481481481482,0.05925925925925926
16,95,40,420,253,57,85,25,3800.0,ALL,ALL,ALL,0.6023809523809524,0.1357142857142857,0.20238095238095238,0.05952380952380952
17,100,40,417,244,60,88,25,4000.0,ALL,ALL,ALL,0.5851318944844125,0.14388489208633093,0.21103117505995203,0.05995203836930456
18,105,40,389,221,55,88,25,4200.0,ALL,ALL,ALL,0.5681233933161953,0.14138817480719795,0.2262210796915167,0.06426735218508997
19,110,40,365,207,54,82,22,4400.0,ALL,ALL,ALL,0.5671232876712329,0.14794520547945206,0.22465753424657534,0.06027397260273973
20,115,40,319,171,47,83,18,4600.0,ALL,ALL,ALL,0.5360501567398119,0.14733542319749215,0.2601880877742947,0.05642633228840126
21,120,40,294,168,40,68,18,4800.0,ALL,ALL,ALL,0.5714285714285714,0.1360544217687075,0.23129251700680273,0.061224489795918366
22,125,40,250,143,29,64,14,5000.0,ALL,ALL,ALL,0.572,0.116,0.256,0.056
23,130,40,214,122,27,51,14,5200.0,ALL,ALL,ALL,0.5700934579439252,0.1261682242990654,0.2383177570093458,0.06542056074766354
24,135,40,210,120,29,50,11,5400.0,ALL,ALL,ALL,0.5714285714285714,0.1380952380952381,0.23809523809523808,0.05238095238095238
25,15,64,2330,750,775,650,155,960.0,ALL,ALL,ALL,0.3218884120171674,0.33261802575107297,0.27896995708154504,0.06652360515021459
26,20,64,2993,1033,924,833,203,1280.0,ALL,ALL,ALL,0.3451386568660207,0.30872034747744737,0.2783160708319412,0.06782492482459071
27,25,64,3794,1405,1077,1039,273,1600.0,ALL,ALL,ALL,0.37032156035846076,0.2838692672641012,0.2738534528202425,0.07195571955719557
28,30,64,4536,1827,1169,1209,331,1920.0,ALL,ALL,ALL,0.4027777777777778,0.25771604938271603,0.2665343915343915,0.07297178130511464
29,35,64,5120,2235,1186,1319,380,2240.0,ALL,ALL,ALL,0.4365234375,0.231640625,0.2576171875,0.07421875
30,40,64,5510,2552,1169,1382,407,2560.0,ALL,ALL,ALL,0.4631578947368421,0.2121597096188748,0.25081669691470054,0.07386569872958258
31,45,64,5450,2650,1082,1308,410,2880.0,ALL,ALL,ALL,0.48623853211009177,0.19853211009174312,0.24,0.07522935779816514
32,50,64,5097,2579,944,1187,387,3200.0,ALL,ALL,ALL,0.5059839121051599,0.18520698450068668,0.23288208750245243,0.075927015891701
33,55,64,4224,2208,747,959,310,3520.0,ALL,ALL,ALL,0.5227272727272727,0.1768465909090909,0.22703598484848486,0.07339015151515152
34,60,64,3321,1794,563,730,234,3840.0,ALL,ALL,ALL,0.5401987353206865,0.16952725082806383,0.21981330924420356,0.07046070460704607
35,65,64,2478,1371,412,526,169,4160.0,ALL,ALL,ALL,0.5532687651331719,0.16626311541565778,0.2122679580306699,0.06820016142050041
36,70,64,1663,912,278,354,119,4480.0,ALL,ALL,ALL,0.5484064942874324,0.1671677690920024,0.21286831028262176,0.07155742633794347
37,75,64,1146,654,177,248,67,4800.0,ALL,ALL,ALL,0.5706806282722513,0.1544502617801047,0.2164048865619546,0.05846422338568935
38,80,64,707,414,96,158,39,5120.0,ALL,ALL,ALL,0.5855728429985856,0.13578500707213578,0.22347949080622348,0.055162659123055166
39,85,64,704,417,96,148,43,5440.0,ALL,ALL,ALL,0.5923295454545454,0.13636363636363635,0.21022727272727273,0.061079545454545456
40,90,64,717,409,109,152,47,5760.0,ALL,ALL,ALL,0.5704323570432357,0.15202231520223153,0.21199442119944212,0.06555090655509066
41,95,64,724,411,114,145,54,6080.0,ALL,ALL,ALL,0.5676795580110497,0.1574585635359116,0.20027624309392264,0.07458563535911603
42,100,64,706,395,111,143,57,6400.0,ALL,ALL,ALL,0.5594900849858357,0.15722379603399433,0.20254957507082152,0.08073654390934844
43,105,64,644,353,97,137,57,6720.0,ALL,ALL,ALL,0.5481366459627329,0.15062111801242237,0.2127329192546584,0.08850931677018634
44,110,64,606,330,92,128,56,7040.0,ALL,ALL,ALL,0.5445544554455446,0.15181518151815182,0.21122112211221122,0.0924092409240924
45,115,64,530,280,84,117,49,7360.0,ALL,ALL,ALL,0.5283018867924528,0.15849056603773584,0.22075471698113208,0.09245283018867924
46,120,64,486,266,69,108,43,7680.0,ALL,ALL,ALL,0.5473251028806584,0.1419753086419753,0.2222222222222222,0.08847736625514403
47,125,64,429,233,59,105,32,8000.0,ALL,ALL,ALL,0.5431235431235432,0.13752913752913754,0.24475524475524477,0.07459207459207459
48,130,64,381,205,54,93,29,8320.0,ALL,ALL,ALL,0.5380577427821522,0.14173228346456693,0.2440944881889764,0.07611548556430446
49,135,64,386,209,55,92,30,8640.0,ALL,ALL,ALL,0.5414507772020726,0.14248704663212436,0.23834196891191708,0.07772020725388601
50,15,88,3505,1014,1306,951,234,1320.0,ALL,ALL,ALL,0.2893009985734665,0.37261055634807416,0.27132667617689016,0.0667617689015692
51,20,88,4473,1421,1545,1194,313,1760.0,ALL,ALL,ALL,0.31768388106416273,0.3454057679409792,0.266934942991281,0.06997540800357702
52,25,88,5654,1955,1778,1490,431,2200.0,ALL,ALL,ALL,0.3457729041386629,0.3144676335337814,0.26353024407499115,0.07622921825256455
53,30,88,6720,2544,1908,1744,524,2640.0,ALL,ALL,ALL,0.37857142857142856,0.2839285714285714,0.25952380952380955,0.07797619047619048
54,35,88,7407,3079,1886,1852,590,3080.0,ALL,ALL,ALL,0.4156878628324558,0.25462400432023763,0.2500337518563521,0.0796543809909545
55,40,88,7811,3447,1822,1906,636,3520.0,ALL,ALL,ALL,0.4413007297401101,0.23326078607092562,0.24401485085136346,0.08142363333760082
56,45,88,7541,3508,1639,1762,632,3960.0,ALL,ALL,ALL,0.4651902930645803,0.217345179684392,0.23365601379127438,0.08380851345975335
57,50,88,6902,3343,1391,1570,598,4400.0,ALL,ALL,ALL,0.4843523616343089,0.2015357867284845,0.22747029846421327,0.08664155317299334
58,55,88,5623,2809,1090,1249,475,4840.0,ALL,ALL,ALL,0.49955539747465766,0.19384670104926197,0.22212342166103505,0.08447447981504536
59,60,88,4318,2221,818,922,357,5280.0,ALL,ALL,ALL,0.5143584993052339,0.18943955534969895,0.21352477999073646,0.08267716535433071
60,65,88,3172,1652,597,657,266,5720.0,ALL,ALL,ALL,0.5208070617906684,0.1882093316519546,0.20712484237074402,0.08385876418663304
61,70,88,2089,1074,385,445,185,6160.0,ALL,ALL,ALL,0.5141215892771661,0.18429870751555769,0.21302058401148874,0.08855911919578746
62,75,88,1441,764,248,318,111,6600.0,ALL,ALL,ALL,0.5301873698820264,0.17210270645385148,0.22068008327550312,0.07702984038861901
63,80,88,916,496,143,206,71,7040.0,ALL,ALL,ALL,0.5414847161572053,0.15611353711790393,0.22489082969432314,0.07751091703056769
64,85,88,896,501,141,185,69,7480.0,ALL,ALL,ALL,0.5591517857142857,0.15736607142857142,0.20647321428571427,0.07700892857142858
65,90,88,885,480,152,179,74,7920.0,ALL,ALL,ALL,0.5423728813559322,0.17175141242937852,0.20225988700564973,0.08361581920903954
66,95,88,888,482,156,174,76,8360.0,ALL,ALL,ALL,0.5427927927927928,0.17567567567567569,0.19594594594594594,0.08558558558558559
67,100,88,859,455,154,174,76,8800.0,ALL,ALL,ALL,0.529685681024447,0.17927823050058206,0.20256111757857975,0.08847497089639116
68,105,88,782,410,137,157,78,9240.0,ALL,ALL,ALL,0.5242966751918159,0.17519181585677748,0.20076726342711,0.09974424552429667
69,110,88,730,384,126,149,71,9680.0,ALL,ALL,ALL,0.5260273972602739,0.1726027397260274,0.20410958904109588,0.09726027397260274
70,115,88,659,333,122,140,64,10120.0,ALL,ALL,ALL,0.5053110773899848,0.18512898330804248,0.212443095599393,0.09711684370257967
71,120,88,608,321,103,127,57,10560.0,ALL,ALL,ALL,0.5279605263157895,0.16940789473684212,0.20888157894736842,0.09375
72,125,88,541,280,94,119,48,11000.0,ALL,ALL,ALL,0.5175600739371534,0.17375231053604437,0.2199630314232902,0.08872458410351201
73,130,88,490,255,88,102,45,11440.0,ALL,ALL,ALL,0.5204081632653061,0.17959183673469387,0.20816326530612245,0.09183673469387756
74,135,88,511,259,98,111,43,11880.0,ALL,ALL,ALL,0.5068493150684932,0.1917808219178082,0.2172211350293542,0.08414872798434442
75,15,112,3491,904,1406,923,258,1680.0,ALL,ALL,ALL,0.2589515898023489,0.4027499283872816,0.264394156402177,0.0739043254081925
76,20,112,4471,1294,1660,1164,353,2240.0,ALL,ALL,ALL,0.28942071125027957,0.3712815924849027,0.26034444195929324,0.0789532543055245
77,25,112,5637,1814,1896,1429,498,2800.0,ALL,ALL,ALL,0.3218023771509668,0.3363491218733369,0.2535036366861806,0.0883448642895157
78,30,112,6654,2358,2026,1674,596,3360.0,ALL,ALL,ALL,0.35437330928764654,0.3044785091674181,0.2515779981965735,0.08957018334836189
79,35,112,7203,2807,1972,1750,674,3920.0,ALL,ALL,ALL,0.38969873663751214,0.27377481604886855,0.24295432458697766,0.09357212272664167
80,40,112,7447,3090,1865,1778,714,4480.0,ALL,ALL,ALL,0.4149321874580368,0.25043641734926814,0.23875386061501275,0.09587753457768229
81,45,112,7037,3100,1641,1598,698,5040.0,ALL,ALL,ALL,0.44052863436123346,0.2331959641892852,0.22708540571266164,0.09918999573681966
82,50,112,6309,2904,1364,1383,658,5600.0,ALL,ALL,ALL,0.4602948169281978,0.21619908067839594,0.21921065145030907,0.10429545094309717
83,55,112,5035,2384,1059,1083,509,6160.0,ALL,ALL,ALL,0.4734856007944389,0.21032770605759682,0.21509433962264152,0.10109235352532274
84,60,112,3761,1831,777,772,381,6720.0,ALL,ALL,ALL,0.486838606753523,0.2065939909598511,0.2052645572985908,0.1013028449880351
85,65,112,2718,1332,561,542,283,7280.0,ALL,ALL,ALL,0.4900662251655629,0.206401766004415,0.199411331861663,0.10412067696835908
86,70,112,1775,862,364,357,192,7840.0,ALL,ALL,ALL,0.4856338028169014,0.20507042253521127,0.20112676056338027,0.10816901408450705
87,75,112,1237,609,246,256,126,8400.0,ALL,ALL,ALL,0.49232012934519,0.19886822958771222,0.20695230396119643,0.10185933710590138
88,80,112,810,397,152,178,83,8960.0,ALL,ALL,ALL,0.4901234567901235,0.18765432098765433,0.21975308641975308,0.10246913580246914
89,85,112,790,396,146,164,84,9520.0,ALL,ALL,ALL,0.5012658227848101,0.1848101265822785,0.20759493670886076,0.10632911392405063
90,90,112,781,379,153,156,93,10080.0,ALL,ALL,ALL,0.4852752880921895,0.19590268886043533,0.1997439180537772,0.11907810499359796
91,95,112,763,371,151,150,91,10640.0,ALL,ALL,ALL,0.48623853211009177,0.19790301441677588,0.1965923984272608,0.11926605504587157
92,100,112,743,353,152,144,94,11200.0,ALL,ALL,ALL,0.47510094212651416,0.20457604306864063,0.19380888290713325,0.126514131897712
93,105,112,669,318,131,128,92,11760.0,ALL,ALL,ALL,0.47533632286995514,0.19581464872944693,0.19133034379671152,0.1375186846038864
94,110,112,627,302,116,126,83,12320.0,ALL,ALL,ALL,0.48165869218500795,0.1850079744816587,0.20095693779904306,0.13237639553429026
95,115,112,574,270,116,112,76,12880.0,ALL,ALL,ALL,0.47038327526132406,0.20209059233449478,0.1951219512195122,0.13240418118466898
96,120,112,521,255,97,104,65,13440.0,ALL,ALL,ALL,0.4894433781190019,0.18618042226487524,0.19961612284069097,0.12476007677543186
97,125,112,480,228,93,103,56,14000.0,ALL,ALL,ALL,0.475,0.19375,0.21458333333333332,0.11666666666666667
98,130,112,447,209,86,99,53,14560.0,ALL,ALL,ALL,0.46756152125279643,0.19239373601789708,0.2214765100671141,0.1185682326621924
99,135,112,476,213,99,111,53,15120.0,ALL,ALL,ALL,0.4474789915966387,0.20798319327731093,0.23319327731092437,0.11134453781512606
100,15,136,2488,570,1090,632,196,2040.0,ALL,ALL,ALL,0.22909967845659163,0.43810289389067525,0.2540192926045016,0.07877813504823152
101,20,136,3160,827,1277,786,270,2720.0,ALL,ALL,ALL,0.2617088607594937,0.4041139240506329,0.24873417721518987,0.08544303797468354
102,25,136,3938,1158,1434,958,388,3400.0,ALL,ALL,ALL,0.2940578974098527,0.36414423565261556,0.24327069578466226,0.09852717115286948
103,30,136,4624,1523,1525,1115,461,4080.0,ALL,ALL,ALL,0.32936851211072665,0.3298010380622837,0.24113321799307957,0.09969723183391004
104,35,136,4863,1768,1447,1137,511,4760.0,ALL,ALL,ALL,0.36356158749742956,0.2975529508533827,0.2338062924120913,0.10507916923709644
105,40,136,4931,1924,1344,1127,536,5440.0,ALL,ALL,ALL,0.39018454674508213,0.27256134658284326,0.22855404583248834,0.10870006083958629
106,45,136,4584,1904,1172,981,527,6120.0,ALL,ALL,ALL,0.41535776614310643,0.2556719022687609,0.21400523560209425,0.1149650959860384
107,50,136,4010,1735,945,828,502,6800.0,ALL,ALL,ALL,0.43266832917705733,0.23566084788029926,0.20648379052369079,0.12518703241895263
108,55,136,3133,1402,722,629,380,7480.0,ALL,ALL,ALL,0.4474944142993936,0.23045004787743376,0.2007660389403128,0.12128949888285988
109,60,136,2264,1026,519,432,287,8160.0,ALL,ALL,ALL,0.4531802120141343,0.22924028268551236,0.19081272084805653,0.12676678445229683
110,65,136,1620,725,374,308,213,8840.0,ALL,ALL,ALL,0.44753086419753085,0.2308641975308642,0.19012345679012346,0.13148148148148148
111,70,136,1046,455,242,203,146,9520.0,ALL,ALL,ALL,0.4349904397705545,0.23135755258126195,0.19407265774378585,0.13957934990439771
112,75,136,710,295,167,152,96,10200.0,ALL,ALL,ALL,0.4154929577464789,0.2352112676056338,0.2140845070422535,0.1352112676056338
113,80,136,489,203,111,109,66,10880.0,ALL,ALL,ALL,0.41513292433537835,0.22699386503067484,0.2229038854805726,0.13496932515337423
114,85,136,472,204,108,98,62,11560.0,ALL,ALL,ALL,0.4322033898305085,0.2288135593220339,0.2076271186440678,0.13135593220338984
115,90,136,463,192,112,91,68,12240.0,ALL,ALL,ALL,0.4146868250539957,0.24190064794816415,0.19654427645788336,0.1468682505399568
116,95,136,445,184,105,90,66,12920.0,ALL,ALL,ALL,0.4134831460674157,0.23595505617977527,0.20224719101123595,0.14831460674157304
117,100,136,435,174,105,88,68,13600.0,ALL,ALL,ALL,0.4,0.2413793103448276,0.20229885057471264,0.15632183908045977
118,105,136,401,169,89,74,69,14280.0,ALL,ALL,ALL,0.42144638403990026,0.22194513715710723,0.18453865336658354,0.17206982543640897
119,110,136,376,159,81,76,60,14960.0,ALL,ALL,ALL,0.4228723404255319,0.2154255319148936,0.20212765957446807,0.1595744680851064
120,115,136,354,147,81,69,57,15640.0,ALL,ALL,ALL,0.4152542372881356,0.2288135593220339,0.19491525423728814,0.16101694915254236
121,120,136,332,143,72,66,51,16320.0,ALL,ALL,ALL,0.4307228915662651,0.21686746987951808,0.19879518072289157,0.1536144578313253
122,125,136,313,131,71,65,46,17000.0,ALL,ALL,ALL,0.4185303514376997,0.2268370607028754,0.20766773162939298,0.14696485623003194
123,130,136,305,126,67,67,45,17680.0,ALL,ALL,ALL,0.4131147540983607,0.21967213114754097,0.21967213114754097,0.14754098360655737
124,135,136,322,127,78,74,43,18360.0,ALL,ALL,ALL,0.3944099378881988,0.2422360248447205,0.22981366459627328,0.13354037267080746
125,15,160,939,191,444,207,97,2400.0,ALL,ALL,ALL,0.20340788072417465,0.4728434504792332,0.22044728434504793,0.1033013844515442
126,20,160,1169,273,513,246,137,3200.0,ALL,ALL,ALL,0.23353293413173654,0.4388366124893071,0.21043627031650983,0.11719418306244654
127,25,160,1423,370,563,288,202,4000.0,ALL,ALL,ALL,0.2600140548137737,0.3956430077301476,0.20238931834153198,0.14195361911454674
128,30,160,1660,491,604,327,238,4800.0,ALL,ALL,ALL,0.2957831325301205,0.363855421686747,0.19698795180722892,0.14337349397590363
129,35,160,1704,547,558,326,273,5600.0,ALL,ALL,ALL,0.3210093896713615,0.3274647887323944,0.19131455399061034,0.1602112676056338
130,40,160,1688,559,516,328,285,6400.0,ALL,ALL,ALL,0.3311611374407583,0.3056872037914692,0.1943127962085308,0.16883886255924171
131,45,160,1530,537,442,285,266,7200.0,ALL,ALL,ALL,0.3509803921568627,0.28888888888888886,0.18627450980392157,0.1738562091503268
132,50,160,1330,475,360,246,249,8000.0,ALL,ALL,ALL,0.35714285714285715,0.2706766917293233,0.1849624060150376,0.18721804511278195
133,55,160,1020,379,275,182,184,8800.0,ALL,ALL,ALL,0.3715686274509804,0.2696078431372549,0.1784313725490196,0.1803921568627451
134,60,160,720,261,186,125,148,9600.0,ALL,ALL,ALL,0.3625,0.25833333333333336,0.1736111111111111,0.20555555555555555
135,65,160,520,184,134,95,107,10400.0,ALL,ALL,ALL,0.35384615384615387,0.25769230769230766,0.18269230769230768,0.20576923076923076
136,70,160,350,123,95,60,72,11200.0,ALL,ALL,ALL,0.3514285714285714,0.2714285714285714,0.17142857142857143,0.2057142857142857
137,75,160,263,89,73,46,55,12000.0,ALL,ALL,ALL,0.33840304182509506,0.27756653992395436,0.17490494296577946,0.20912547528517111
138,80,160,197,72,49,32,44,12800.0,ALL,ALL,ALL,0.36548223350253806,0.24873096446700507,0.16243654822335024,0.2233502538071066
139,85,160,192,69,47,35,41,13600.0,ALL,ALL,ALL,0.359375,0.24479166666666666,0.18229166666666666,0.21354166666666666
140,90,160,200,69,54,35,42,14400.0,ALL,ALL,ALL,0.345,0.27,0.175,0.21
141,95,160,193,65,55,35,38,15200.0,ALL,ALL,ALL,0.33678756476683935,0.2849740932642487,0.18134715025906736,0.19689119170984457
142,100,160,197,63,60,35,39,16000.0,ALL,ALL,ALL,0.3197969543147208,0.30456852791878175,0.17766497461928935,0.19796954314720813
143,105,160,182,64,51,31,36,16800.0,ALL,ALL,ALL,0.3516483516483517,0.2802197802197802,0.17032967032967034,0.1978021978021978
144,110,160,176,64,49,33,30,17600.0,ALL,ALL,ALL,0.36363636363636365,0.2784090909090909,0.1875,0.17045454545454544
145,115,160,177,63,50,32,32,18400.0,ALL,ALL,ALL,0.3559322033898305,0.2824858757062147,0.1807909604519774,0.1807909604519774
146,120,160,167,65,43,31,28,19200.0,ALL,ALL,ALL,0.38922155688622756,0.25748502994011974,0.18562874251497005,0.16766467065868262
147,125,160,152,57,38,29,28,20000.0,ALL,ALL,ALL,0.375,0.25,0.19078947368421054,0.18421052631578946
148,130,160,147,55,30,33,29,20800.0,ALL,ALL,ALL,0.3741496598639456,0.20408163265306123,0.22448979591836735,0.19727891156462585
149,135,160,143,50,29,36,28,21600.0,ALL,ALL,ALL,0.34965034965034963,0.20279720279720279,0.2517482517482518,0.1958041958041958
150,15,184,357,66,180,64,47,2760.0,ALL,ALL,ALL,0.18487394957983194,0.5042016806722689,0.1792717086834734,0.13165266106442577
151,20,184,456,97,200,91,68,3680.0,ALL,ALL,ALL,0.21271929824561403,0.43859649122807015,0.19956140350877194,0.14912280701754385
152,25,184,547,134,215,105,93,4600.0,ALL,ALL,ALL,0.2449725776965265,0.3930530164533821,0.19195612431444242,0.170018281535649
153,30,184,618,170,227,114,107,5520.0,ALL,ALL,ALL,0.2750809061488673,0.3673139158576052,0.18446601941747573,0.17313915857605178
154,35,184,634,190,207,118,119,6440.0,ALL,ALL,ALL,0.2996845425867508,0.3264984227129338,0.1861198738170347,0.18769716088328076
155,40,184,636,197,196,128,115,7360.0,ALL,ALL,ALL,0.30974842767295596,0.3081761006289308,0.20125786163522014,0.18081761006289307
156,45,184,589,186,181,116,106,8280.0,ALL,ALL,ALL,0.3157894736842105,0.3073005093378608,0.1969439728353141,0.1799660441426146
157,50,184,488,159,140,91,98,9200.0,ALL,ALL,ALL,0.32581967213114754,0.28688524590163933,0.1864754098360656,0.20081967213114754
158,55,184,379,124,112,69,74,10120.0,ALL,ALL,ALL,0.32717678100263853,0.2955145118733509,0.1820580474934037,0.19525065963060687
159,60,184,278,85,76,57,60,11040.0,ALL,ALL,ALL,0.3057553956834532,0.2733812949640288,0.20503597122302158,0.2158273381294964
160,65,184,197,57,55,45,40,11960.0,ALL,ALL,ALL,0.2893401015228426,0.27918781725888325,0.22842639593908629,0.20304568527918782
161,70,184,144,41,38,32,33,12880.0,ALL,ALL,ALL,0.2847222222222222,0.2638888888888889,0.2222222222222222,0.22916666666666666
162,75,184,110,31,27,26,26,13800.0,ALL,ALL,ALL,0.2818181818181818,0.24545454545454545,0.23636363636363636,0.23636363636363636
163,80,184,80,25,18,21,16,14720.0,ALL,ALL,ALL,0.3125,0.225,0.2625,0.2
164,85,184,72,20,17,20,15,15640.0,ALL,ALL,ALL,0.2777777777777778,0.2361111111111111,0.2777777777777778,0.20833333333333334
165,90,184,83,26,18,22,17,16560.0,ALL,ALL,ALL,0.3132530120481928,0.21686746987951808,0.26506024096385544,0.20481927710843373
166,95,184,78,26,18,18,16,17480.0,ALL,ALL,ALL,0.3333333333333333,0.23076923076923078,0.23076923076923078,0.20512820512820512
167,100,184,83,25,20,18,20,18400.0,ALL,ALL,ALL,0.30120481927710846,0.24096385542168675,0.21686746987951808,0.24096385542168675
168,105,184,80,28,18,13,21,19320.0,ALL,ALL,ALL,0.35,0.225,0.1625,0.2625
169,110,184,82,27,21,13,21,20240.0,ALL,ALL,ALL,0.32926829268292684,0.25609756097560976,0.15853658536585366,0.25609756097560976
170,115,184,87,29,22,13,23,21160.0,ALL,ALL,ALL,0.3333333333333333,0.25287356321839083,0.14942528735632185,0.26436781609195403
171,120,184,80,28,20,11,21,22080.0,ALL,ALL,ALL,0.35,0.25,0.1375,0.2625
172,125,184,73,24,17,10,22,23000.0,ALL,ALL,ALL,0.3287671232876712,0.2328767123287671,0.136986301369863,0.3013698630136986
173,130,184,75,25,17,11,22,23920.0,ALL,ALL,ALL,0.3333333333333333,0.22666666666666666,0.14666666666666667,0.29333333333333333
174,135,184,70,22,17,12,19,24840.0,ALL,ALL,ALL,0.3142857142857143,0.24285714285714285,0.17142857142857143,0.2714285714285714
175,15,208,223,33,126,33,31,3120.0,ALL,ALL,ALL,0.14798206278026907,0.5650224215246636,0.14798206278026907,0.13901345291479822
176,20,208,276,48,139,43,46,4160.0,ALL,ALL,ALL,0.17391304347826086,0.5036231884057971,0.15579710144927536,0.16666666666666666
177,25,208,321,64,148,53,56,5200.0,ALL,ALL,ALL,0.19937694704049844,0.46105919003115264,0.16510903426791276,0.17445482866043613
178,30,208,360,80,151,60,69,6240.0,ALL,ALL,ALL,0.2222222222222222,0.41944444444444445,0.16666666666666666,0.19166666666666668
179,35,208,358,86,141,54,77,7280.0,ALL,ALL,ALL,0.24022346368715083,0.39385474860335196,0.15083798882681565,0.21508379888268156
180,40,208,345,88,127,54,76,8320.0,ALL,ALL,ALL,0.25507246376811593,0.3681159420289855,0.1565217391304348,0.22028985507246376
181,45,208,312,83,109,49,71,9360.0,ALL,ALL,ALL,0.266025641025641,0.34935897435897434,0.15705128205128205,0.22756410256410256
182,50,208,259,74,84,40,61,10400.0,ALL,ALL,ALL,0.2857142857142857,0.32432432432432434,0.15444015444015444,0.23552123552123552
183,55,208,208,58,69,29,52,11440.0,ALL,ALL,ALL,0.27884615384615385,0.3317307692307692,0.13942307692307693,0.25
184,60,208,146,44,40,20,42,12480.0,ALL,ALL,ALL,0.3013698630136986,0.273972602739726,0.136986301369863,0.2876712328767123
185,65,208,99,30,27,18,24,13520.0,ALL,ALL,ALL,0.30303030303030304,0.2727272727272727,0.18181818181818182,0.24242424242424243
186,70,208,78,24,19,16,19,14560.0,ALL,ALL,ALL,0.3076923076923077,0.24358974358974358,0.20512820512820512,0.24358974358974358
187,75,208,64,18,17,13,16,15600.0,ALL,ALL,ALL,0.28125,0.265625,0.203125,0.25
188,80,208,48,16,11,10,11,16640.0,ALL,ALL,ALL,0.3333333333333333,0.22916666666666666,0.20833333333333334,0.22916666666666666
189,85,208,42,14,9,9,10,17680.0,ALL,ALL,ALL,0.3333333333333333,0.21428571428571427,0.21428571428571427,0.23809523809523808
190,90,208,50,18,11,12,9,18720.0,ALL,ALL,ALL,0.36,0.22,0.24,0.18
191,95,208,53,17,14,12,10,19760.0,ALL,ALL,ALL,0.32075471698113206,0.2641509433962264,0.22641509433962265,0.18867924528301888
192,100,208,57,16,18,11,12,20800.0,ALL,ALL,ALL,0.2807017543859649,0.3157894736842105,0.19298245614035087,0.21052631578947367
193,105,208,57,16,16,10,15,21840.0,ALL,ALL,ALL,0.2807017543859649,0.2807017543859649,0.17543859649122806,0.2631578947368421
194,110,208,57,15,18,10,14,22880.0,ALL,ALL,ALL,0.2631578947368421,0.3157894736842105,0.17543859649122806,0.24561403508771928
195,115,208,59,16,17,11,15,23920.0,ALL,ALL,ALL,0.2711864406779661,0.288135593220339,0.1864406779661017,0.2542372881355932
196,120,208,55,15,15,8,17,24960.0,ALL,ALL,ALL,0.2727272727272727,0.2727272727272727,0.14545454545454545,0.3090909090909091
197,125,208,53,14,13,7,19,26000.0,ALL,ALL,ALL,0.2641509433962264,0.24528301886792453,0.1320754716981132,0.3584905660377358
198,130,208,49,13,12,7,17,27040.0,ALL,ALL,ALL,0.2653061224489796,0.24489795918367346,0.14285714285714285,0.3469387755102041
199,135,208,53,14,15,9,15,28080.0,ALL,ALL,ALL,0.2641509433962264,0.2830188679245283,0.16981132075471697,0.2830188679245283
200,15,232,221,33,121,33,34,3480.0,ALL,ALL,ALL,0.1493212669683258,0.5475113122171946,0.1493212669683258,0.15384615384615385
201,20,232,280,57,137,44,42,4640.0,ALL,ALL,ALL,0.20357142857142857,0.48928571428571427,0.15714285714285714,0.15
202,25,232,327,77,141,56,53,5800.0,ALL,ALL,ALL,0.23547400611620795,0.43119266055045874,0.1712538226299694,0.1620795107033639
203,30,232,365,94,138,66,67,6960.0,ALL,ALL,ALL,0.25753424657534246,0.3780821917808219,0.18082191780821918,0.18356164383561643
204,35,232,358,101,127,59,71,8120.0,ALL,ALL,ALL,0.28212290502793297,0.3547486033519553,0.164804469273743,0.19832402234636873
205,40,232,349,106,119,55,69,9280.0,ALL,ALL,ALL,0.3037249283667622,0.34097421203438394,0.15759312320916904,0.1977077363896848
206,45,232,318,101,104,52,61,10440.0,ALL,ALL,ALL,0.31761006289308175,0.3270440251572327,0.16352201257861634,0.1918238993710692
207,50,232,262,86,78,42,56,11600.0,ALL,ALL,ALL,0.3282442748091603,0.29770992366412213,0.16030534351145037,0.21374045801526717
208,55,232,207,66,65,31,45,12760.0,ALL,ALL,ALL,0.3188405797101449,0.3140096618357488,0.1497584541062802,0.21739130434782608
209,60,232,146,50,45,19,32,13920.0,ALL,ALL,ALL,0.3424657534246575,0.3082191780821918,0.13013698630136986,0.2191780821917808
210,65,232,108,36,35,18,19,15080.0,ALL,ALL,ALL,0.3333333333333333,0.32407407407407407,0.16666666666666666,0.17592592592592593
211,70,232,87,26,24,18,19,16240.0,ALL,ALL,ALL,0.2988505747126437,0.27586206896551724,0.20689655172413793,0.21839080459770116
212,75,232,74,21,19,16,18,17400.0,ALL,ALL,ALL,0.28378378378378377,0.25675675675675674,0.21621621621621623,0.24324324324324326
213,80,232,55,15,16,12,12,18560.0,ALL,ALL,ALL,0.2727272727272727,0.2909090909090909,0.21818181818181817,0.21818181818181817
214,85,232,49,14,13,11,11,19720.0,ALL,ALL,ALL,0.2857142857142857,0.2653061224489796,0.22448979591836735,0.22448979591836735
215,90,232,55,17,13,14,11,20880.0,ALL,ALL,ALL,0.3090909090909091,0.23636363636363636,0.2545454545454545,0.2
216,95,232,56,19,14,13,10,22040.0,ALL,ALL,ALL,0.3392857142857143,0.25,0.23214285714285715,0.17857142857142858
217,100,232,62,18,20,13,11,23200.0,ALL,ALL,ALL,0.2903225806451613,0.3225806451612903,0.20967741935483872,0.1774193548387097
218,105,232,61,17,19,13,12,24360.0,ALL,ALL,ALL,0.2786885245901639,0.3114754098360656,0.21311475409836064,0.19672131147540983
219,110,232,60,18,18,12,12,25520.0,ALL,ALL,ALL,0.3,0.3,0.2,0.2
220,115,232,62,18,18,12,14,26680.0,ALL,ALL,ALL,0.2903225806451613,0.2903225806451613,0.1935483870967742,0.22580645161290322
221,120,232,52,14,16,6,16,27840.0,ALL,ALL,ALL,0.2692307692307692,0.3076923076923077,0.11538461538461539,0.3076923076923077
222,125,232,52,13,15,6,18,29000.0,ALL,ALL,ALL,0.25,0.28846153846153844,0.11538461538461539,0.34615384615384615
223,130,232,40,11,11,3,15,30160.0,ALL,ALL,ALL,0.275,0.275,0.075,0.375
224,135,232,43,10,15,4,14,31320.0,ALL,ALL,ALL,0.23255813953488372,0.3488372093023256,0.09302325581395349,0.32558139534883723
225,15,256,239,36,128,42,33,3840.0,ALL,ALL,ALL,0.1506276150627615,0.5355648535564853,0.17573221757322174,0.13807531380753138
226,20,256,288,60,137,52,39,5120.0,ALL,ALL,ALL,0.20833333333333334,0.4756944444444444,0.18055555555555555,0.13541666666666666
227,25,256,342,82,149,60,51,6400.0,ALL,ALL,ALL,0.23976608187134502,0.43567251461988304,0.17543859649122806,0.14912280701754385
228,30,256,379,103,142,66,68,7680.0,ALL,ALL,ALL,0.2717678100263852,0.37467018469656993,0.1741424802110818,0.17941952506596306
229,35,256,367,109,128,58,72,8960.0,ALL,ALL,ALL,0.2970027247956403,0.34877384196185285,0.15803814713896458,0.19618528610354224
230,40,256,360,114,120,55,71,10240.0,ALL,ALL,ALL,0.31666666666666665,0.3333333333333333,0.1527777777777778,0.19722222222222222
231,45,256,326,103,104,52,67,11520.0,ALL,ALL,ALL,0.3159509202453988,0.31901840490797545,0.15950920245398773,0.20552147239263804
232,50,256,277,84,85,43,65,12800.0,ALL,ALL,ALL,0.30324909747292417,0.30685920577617326,0.1552346570397112,0.23465703971119134
233,55,256,208,60,64,33,51,14080.0,ALL,ALL,ALL,0.28846153846153844,0.3076923076923077,0.15865384615384615,0.24519230769230768
234,60,256,138,38,45,21,34,15360.0,ALL,ALL,ALL,0.2753623188405797,0.32608695652173914,0.15217391304347827,0.2463768115942029
235,65,256,101,26,34,19,22,16640.0,ALL,ALL,ALL,0.25742574257425743,0.33663366336633666,0.18811881188118812,0.21782178217821782
236,70,256,75,18,23,13,21,17920.0,ALL,ALL,ALL,0.24,0.30666666666666664,0.17333333333333334,0.28
237,75,256,62,17,18,10,17,19200.0,ALL,ALL,ALL,0.27419354838709675,0.2903225806451613,0.16129032258064516,0.27419354838709675
238,80,256,46,14,14,7,11,20480.0,ALL,ALL,ALL,0.30434782608695654,0.30434782608695654,0.15217391304347827,0.2391304347826087
239,85,256,47,13,13,10,11,21760.0,ALL,ALL,ALL,0.2765957446808511,0.2765957446808511,0.2127659574468085,0.23404255319148937
240,90,256,50,16,12,12,10,23040.0,ALL,ALL,ALL,0.32,0.24,0.24,0.2
241,95,256,49,17,12,12,8,24320.0,ALL,ALL,ALL,0.3469387755102041,0.24489795918367346,0.24489795918367346,0.16326530612244897
242,100,256,55,18,15,15,7,25600.0,ALL,ALL,ALL,0.32727272727272727,0.2727272727272727,0.2727272727272727,0.12727272727272726
243,105,256,50,14,13,16,7,26880.0,ALL,ALL,ALL,0.28,0.26,0.32,0.14
244,110,256,46,14,11,15,6,28160.0,ALL,ALL,ALL,0.30434782608695654,0.2391304347826087,0.32608695652173914,0.13043478260869565
245,115,256,43,14,12,12,5,29440.0,ALL,ALL,ALL,0.32558139534883723,0.27906976744186046,0.27906976744186046,0.11627906976744186
246,120,256,37,10,12,7,8,30720.0,ALL,ALL,ALL,0.2702702702702703,0.32432432432432434,0.1891891891891892,0.21621621621621623
247,125,256,40,10,12,7,11,32000.0,ALL,ALL,ALL,0.25,0.3,0.175,0.275
248,130,256,31,11,9,2,9,33280.0,ALL,ALL,ALL,0.3548387096774194,0.2903225806451613,0.06451612903225806,0.2903225806451613
249,135,256,37,10,12,4,11,34560.0,ALL,ALL,ALL,0.2702702702702703,0.32432432432432434,0.10810810810810811,0.2972972972972973
250,15,280,244,39,123,50,32,4200.0,ALL,ALL,ALL,0.1598360655737705,0.5040983606557377,0.20491803278688525,0.13114754098360656
251,20,280,295,64,139,56,36,5600.0,ALL,ALL,ALL,0.21694915254237288,0.4711864406779661,0.18983050847457628,0.12203389830508475
252,25,280,342,84,148,63,47,7000.0,ALL,ALL,ALL,0.24561403508771928,0.4327485380116959,0.18421052631578946,0.13742690058479531
253,30,280,383,107,147,69,60,8400.0,ALL,ALL,ALL,0.2793733681462141,0.3838120104438642,0.1801566579634465,0.1566579634464752
254,35,280,377,113,136,65,63,9800.0,ALL,ALL,ALL,0.29973474801061006,0.36074270557029176,0.1724137931034483,0.16710875331564987
255,40,280,370,112,131,61,66,11200.0,ALL,ALL,ALL,0.3027027027027027,0.35405405405405405,0.16486486486486487,0.1783783783783784
256,45,280,331,104,112,56,59,12600.0,ALL,ALL,ALL,0.31419939577039274,0.338368580060423,0.1691842900302115,0.1782477341389728
257,50,280,280,85,87,47,61,14000.0,ALL,ALL,ALL,0.30357142857142855,0.3107142857142857,0.16785714285714284,0.21785714285714286
258,55,280,210,63,65,35,47,15400.0,ALL,ALL,ALL,0.3,0.30952380952380953,0.16666666666666666,0.22380952380952382
259,60,280,145,40,49,23,33,16800.0,ALL,ALL,ALL,0.27586206896551724,0.33793103448275863,0.15862068965517243,0.22758620689655173
260,65,280,109,28,38,20,23,18200.0,ALL,ALL,ALL,0.25688073394495414,0.3486238532110092,0.1834862385321101,0.21100917431192662
261,70,280,76,22,24,12,18,19600.0,ALL,ALL,ALL,0.2894736842105263,0.3157894736842105,0.15789473684210525,0.23684210526315788
262,75,280,66,20,20,10,16,21000.0,ALL,ALL,ALL,0.30303030303030304,0.30303030303030304,0.15151515151515152,0.24242424242424243
263,80,280,56,16,17,8,15,22400.0,ALL,ALL,ALL,0.2857142857142857,0.30357142857142855,0.14285714285714285,0.26785714285714285
264,85,280,53,12,15,10,16,23800.0,ALL,ALL,ALL,0.22641509433962265,0.2830188679245283,0.18867924528301888,0.3018867924528302
265,90,280,54,15,13,11,15,25200.0,ALL,ALL,ALL,0.2777777777777778,0.24074074074074073,0.2037037037037037,0.2777777777777778
266,95,280,53,17,12,10,14,26600.0,ALL,ALL,ALL,0.32075471698113206,0.22641509433962265,0.18867924528301888,0.2641509433962264
267,100,280,58,20,13,12,13,28000.0,ALL,ALL,ALL,0.3448275862068966,0.22413793103448276,0.20689655172413793,0.22413793103448276
268,105,280,55,19,10,15,11,29400.0,ALL,ALL,ALL,0.34545454545454546,0.18181818181818182,0.2727272727272727,0.2
269,110,280,49,17,10,13,9,30800.0,ALL,ALL,ALL,0.3469387755102041,0.20408163265306123,0.2653061224489796,0.1836734693877551
270,115,280,44,16,11,10,7,32200.0,ALL,ALL,ALL,0.36363636363636365,0.25,0.22727272727272727,0.1590909090909091
271,120,280,39,12,11,7,9,33600.0,ALL,ALL,ALL,0.3076923076923077,0.28205128205128205,0.1794871794871795,0.23076923076923078
272,125,280,39,12,11,7,9,35000.0,ALL,ALL,ALL,0.3076923076923077,0.28205128205128205,0.1794871794871795,0.23076923076923078
273,130,280,32,11,9,5,7,36400.0,ALL,ALL,ALL,0.34375,0.28125,0.15625,0.21875
274,135,280,29,7,9,4,9,37800.0,ALL,ALL,ALL,0.2413793103448276,0.3103448275862069,0.13793103448275862,0.3103448275862069
275,15,304,259,38,134,57,30,4560.0,ALL,ALL,ALL,0.14671814671814673,0.5173745173745173,0.22007722007722008,0.11583011583011583
276,20,304,303,57,143,69,34,6080.0,ALL,ALL,ALL,0.18811881188118812,0.47194719471947194,0.22772277227722773,0.11221122112211221
277,25,304,347,75,153,74,45,7600.0,ALL,ALL,ALL,0.21613832853025935,0.4409221902017291,0.2132564841498559,0.12968299711815562
278,30,304,385,97,149,83,56,9120.0,ALL,ALL,ALL,0.2519480519480519,0.38701298701298703,0.21558441558441557,0.14545454545454545
279,35,304,372,99,134,82,57,10640.0,ALL,ALL,ALL,0.2661290322580645,0.3602150537634409,0.22043010752688172,0.1532258064516129
280,40,304,357,96,123,76,62,12160.0,ALL,ALL,ALL,0.2689075630252101,0.3445378151260504,0.21288515406162464,0.17366946778711484
281,45,304,313,89,104,65,55,13680.0,ALL,ALL,ALL,0.28434504792332266,0.33226837060702874,0.20766773162939298,0.1757188498402556
282,50,304,268,79,79,52,58,15200.0,ALL,ALL,ALL,0.2947761194029851,0.2947761194029851,0.19402985074626866,0.21641791044776118
283,55,304,199,59,58,38,44,16720.0,ALL,ALL,ALL,0.2964824120603015,0.2914572864321608,0.19095477386934673,0.22110552763819097
284,60,304,134,36,44,24,30,18240.0,ALL,ALL,ALL,0.26865671641791045,0.3283582089552239,0.1791044776119403,0.22388059701492538
285,65,304,104,26,36,19,23,19760.0,ALL,ALL,ALL,0.25,0.34615384615384615,0.18269230769230768,0.22115384615384615
286,70,304,71,21,24,10,16,21280.0,ALL,ALL,ALL,0.29577464788732394,0.3380281690140845,0.14084507042253522,0.22535211267605634
287,75,304,62,20,19,8,15,22800.0,ALL,ALL,ALL,0.3225806451612903,0.3064516129032258,0.12903225806451613,0.24193548387096775
288,80,304,52,16,15,8,13,24320.0,ALL,ALL,ALL,0.3076923076923077,0.28846153846153844,0.15384615384615385,0.25
289,85,304,49,12,12,9,16,25840.0,ALL,ALL,ALL,0.24489795918367346,0.24489795918367346,0.1836734693877551,0.32653061224489793
290,90,304,52,15,13,9,15,27360.0,ALL,ALL,ALL,0.28846153846153844,0.25,0.17307692307692307,0.28846153846153844
291,95,304,52,16,13,8,15,28880.0,ALL,ALL,ALL,0.3076923076923077,0.25,0.15384615384615385,0.28846153846153844
292,100,304,56,21,12,9,14,30400.0,ALL,ALL,ALL,0.375,0.21428571428571427,0.16071428571428573,0.25
293,105,304,53,20,10,11,12,31920.0,ALL,ALL,ALL,0.37735849056603776,0.18867924528301888,0.20754716981132076,0.22641509433962265
294,110,304,49,17,12,10,10,33440.0,ALL,ALL,ALL,0.3469387755102041,0.24489795918367346,0.20408163265306123,0.20408163265306123
295,115,304,45,17,13,7,8,34960.0,ALL,ALL,ALL,0.37777777777777777,0.28888888888888886,0.15555555555555556,0.17777777777777778
296,120,304,43,11,14,7,11,36480.0,ALL,ALL,ALL,0.2558139534883721,0.32558139534883723,0.16279069767441862,0.2558139534883721
297,125,304,46,14,13,7,12,38000.0,ALL,ALL,ALL,0.30434782608695654,0.2826086956521739,0.15217391304347827,0.2608695652173913
298,130,304,45,13,13,7,12,39520.0,ALL,ALL,ALL,0.28888888888888886,0.28888888888888886,0.15555555555555556,0.26666666666666666
299,135,304,42,9,12,6,15,41040.0,ALL,ALL,ALL,0.21428571428571427,0.2857142857142857,0.14285714285714285,0.35714285714285715
300,15,328,262,38,131,62,31,4920.0,ALL,ALL,ALL,0.1450381679389313,0.5,0.2366412213740458,0.1183206106870229
301,20,328,319,59,145,75,40,6560.0,ALL,ALL,ALL,0.18495297805642633,0.45454545454545453,0.23510971786833856,0.12539184952978055
302,25,328,368,84,156,78,50,8200.0,ALL,ALL,ALL,0.22826086956521738,0.42391304347826086,0.21195652173913043,0.1358695652173913
303,30,328,403,108,152,84,59,9840.0,ALL,ALL,ALL,0.2679900744416873,0.3771712158808933,0.20843672456575682,0.14640198511166252
304,35,328,403,111,139,86,67,11480.0,ALL,ALL,ALL,0.27543424317617865,0.34491315136476425,0.21339950372208435,0.1662531017369727
305,40,328,378,107,120,80,71,13120.0,ALL,ALL,ALL,0.2830687830687831,0.31746031746031744,0.21164021164021163,0.18783068783068782
306,45,328,339,104,106,64,65,14760.0,ALL,ALL,ALL,0.30678466076696165,0.31268436578171094,0.1887905604719764,0.19174041297935104
307,50,328,285,92,81,49,63,16400.0,ALL,ALL,ALL,0.32280701754385965,0.28421052631578947,0.17192982456140352,0.22105263157894736
308,55,328,212,71,56,37,48,18040.0,ALL,ALL,ALL,0.33490566037735847,0.2641509433962264,0.17452830188679244,0.22641509433962265
309,60,328,150,43,44,25,38,19680.0,ALL,ALL,ALL,0.2866666666666667,0.29333333333333333,0.16666666666666666,0.25333333333333335
310,65,328,108,30,37,17,24,21320.0,ALL,ALL,ALL,0.2777777777777778,0.3425925925925926,0.1574074074074074,0.2222222222222222
311,70,328,77,24,28,9,16,22960.0,ALL,ALL,ALL,0.3116883116883117,0.36363636363636365,0.11688311688311688,0.2077922077922078
312,75,328,63,21,21,7,14,24600.0,ALL,ALL,ALL,0.3333333333333333,0.3333333333333333,0.1111111111111111,0.2222222222222222
313,80,328,49,15,16,6,12,26240.0,ALL,ALL,ALL,0.30612244897959184,0.32653061224489793,0.12244897959183673,0.24489795918367346
314,85,328,46,9,12,8,17,27880.0,ALL,ALL,ALL,0.1956521739130435,0.2608695652173913,0.17391304347826086,0.3695652173913043
315,90,328,48,12,12,7,17,29520.0,ALL,ALL,ALL,0.25,0.25,0.14583333333333334,0.3541666666666667
316,95,328,51,13,14,7,17,31160.0,ALL,ALL,ALL,0.2549019607843137,0.27450980392156865,0.13725490196078433,0.3333333333333333
317,100,328,51,16,11,8,16,32800.0,ALL,ALL,ALL,0.3137254901960784,0.21568627450980393,0.1568627450980392,0.3137254901960784
318,105,328,55,17,10,12,16,34440.0,ALL,ALL,ALL,0.3090909090909091,0.18181818181818182,0.21818181818181817,0.2909090909090909
319,110,328,55,16,13,12,14,36080.0,ALL,ALL,ALL,0.2909090909090909,0.23636363636363636,0.21818181818181817,0.2545454545454545
320,115,328,50,16,13,10,11,37720.0,ALL,ALL,ALL,0.32,0.26,0.2,0.22
321,120,328,49,14,14,9,12,39360.0,ALL,ALL,ALL,0.2857142857142857,0.2857142857142857,0.1836734693877551,0.24489795918367346
322,125,328,48,14,12,9,13,41000.0,ALL,ALL,ALL,0.2916666666666667,0.25,0.1875,0.2708333333333333
323,130,328,49,12,14,9,14,42640.0,ALL,ALL,ALL,0.24489795918367346,0.2857142857142857,0.1836734693877551,0.2857142857142857
324,135,328,43,9,13,5,16,44280.0,ALL,ALL,ALL,0.20930232558139536,0.3023255813953488,0.11627906976744186,0.37209302325581395
325,15,352,285,44,135,65,41,5280.0,ALL,ALL,ALL,0.1543859649122807,0.47368421052631576,0.22807017543859648,0.14385964912280702
326,20,352,348,69,151,77,51,7040.0,ALL,ALL,ALL,0.19827586206896552,0.4339080459770115,0.22126436781609196,0.14655172413793102
327,25,352,393,93,155,85,60,8800.0,ALL,ALL,ALL,0.2366412213740458,0.3944020356234097,0.21628498727735368,0.15267175572519084
328,30,352,421,115,146,93,67,10560.0,ALL,ALL,ALL,0.27315914489311166,0.34679334916864607,0.2209026128266033,0.15914489311163896
329,35,352,408,120,128,92,68,12320.0,ALL,ALL,ALL,0.29411764705882354,0.3137254901960784,0.22549019607843138,0.16666666666666666
330,40,352,382,120,109,86,67,14080.0,ALL,ALL,ALL,0.31413612565445026,0.28534031413612565,0.225130890052356,0.17539267015706805
331,45,352,339,119,94,66,60,15840.0,ALL,ALL,ALL,0.35103244837758113,0.27728613569321536,0.19469026548672566,0.17699115044247787
332,50,352,278,102,71,51,54,17600.0,ALL,ALL,ALL,0.3669064748201439,0.25539568345323743,0.18345323741007194,0.19424460431654678
333,55,352,208,80,49,38,41,19360.0,ALL,ALL,ALL,0.38461538461538464,0.23557692307692307,0.18269230769230768,0.1971153846153846
334,60,352,147,55,38,23,31,21120.0,ALL,ALL,ALL,0.3741496598639456,0.2585034013605442,0.1564625850340136,0.2108843537414966
335,65,352,113,42,33,16,22,22880.0,ALL,ALL,ALL,0.37168141592920356,0.2920353982300885,0.1415929203539823,0.19469026548672566
336,70,352,86,28,28,11,19,24640.0,ALL,ALL,ALL,0.32558139534883723,0.32558139534883723,0.12790697674418605,0.22093023255813954
337,75,352,75,24,24,9,18,26400.0,ALL,ALL,ALL,0.32,0.32,0.12,0.24
338,80,352,62,17,21,9,15,28160.0,ALL,ALL,ALL,0.27419354838709675,0.3387096774193548,0.14516129032258066,0.24193548387096775
339,85,352,64,16,20,10,18,29920.0,ALL,ALL,ALL,0.25,0.3125,0.15625,0.28125
340,90,352,63,18,19,9,17,31680.0,ALL,ALL,ALL,0.2857142857142857,0.30158730158730157,0.14285714285714285,0.2698412698412698
341,95,352,65,17,22,9,17,33440.0,ALL,ALL,ALL,0.26153846153846155,0.3384615384615385,0.13846153846153847,0.26153846153846155
342,100,352,63,19,19,9,16,35200.0,ALL,ALL,ALL,0.30158730158730157,0.30158730158730157,0.14285714285714285,0.25396825396825395
343,105,352,60,18,18,12,12,36960.0,ALL,ALL,ALL,0.3,0.3,0.2,0.2
344,110,352,59,18,17,12,12,38720.0,ALL,ALL,ALL,0.3050847457627119,0.288135593220339,0.2033898305084746,0.2033898305084746
345,115,352,55,17,16,10,12,40480.0,ALL,ALL,ALL,0.3090909090909091,0.2909090909090909,0.18181818181818182,0.21818181818181817
346,120,352,54,15,17,10,12,42240.0,ALL,ALL,ALL,0.2777777777777778,0.3148148148148148,0.18518518518518517,0.2222222222222222
347,125,352,48,13,14,9,12,44000.0,ALL,ALL,ALL,0.2708333333333333,0.2916666666666667,0.1875,0.25
348,130,352,48,12,14,9,13,45760.0,ALL,ALL,ALL,0.25,0.2916666666666667,0.1875,0.2708333333333333
349,135,352,45,11,13,6,15,47520.0,ALL,ALL,ALL,0.24444444444444444,0.28888888888888886,0.13333333333333333,0.3333333333333333
